Item Code,Item Name,َQTY,Expiry Date,Unit Cost
100,Surg-Spon Hemostatic Powder 1g,203,26-07,425
101,Powered endoscopic stapler 60mm,7,,12500
102,Surg-Spon Hemostatic Powder 3g,59,26-07,975
103,Sterile Applcator 38m,1,26-09,800
103,Sterile Applcator 38m,1,27-07,800
105,Blue reload 60mm,920,,700
106,Green reload 60mm,380,,700
107,Gold reload 60mm,193,,700
108,Black reload 60mm,71,,700
114,EEG Paste ( Cream ) Elektro / 200 gr,2,27-07,170
118,EEG Electrodes_PURE SILVER_1500mm  (Pack of 12),1,,12000
125,Skin Preparation Gel (Neuprep) 100 gr,3,27-01,850
126,Skin Preparation Gel (Neuprep)  150 gr,5,27-01,1300
136,EMG Needle holder,1,,0
137,Oryx EMG Needle 5 cm disposable for neurophysiology ( yellow),7,27-12,241
138,Oryx EMG Needle 3.8 cm,3,27-12,242.15
139,paste cream demo,6,27-07,1
141,HEMO STATIC POWDER 2g,33,27-07,775
142,PCA 275/5 ML With button (Fornia),1541,27-05,385
143,PCA 100/2 ML With button (Fornia),1651,27-05,335
144,PCA 100/4 ML With button (Fornia),1921,27-12,335
113,Panther black reload (CADA-60R5.0),1,,1
18,Panther green reload 60mm,3,,900.33
39,PCA 100/2ml without button(TUOREN),2,28-06,340
5,PCA100/4ML with button (TUOREN),15,28-06,382.6
52,PCA300/2ml without button (TUOREN),58,28-06,420
72,trocar 7-10mm unimicro,104,27-09,760
75,Exofin Topical Skin Adhesive 1g,276,26-11,560
90,cannula 7-10mm unimicro,232,27-09,470
94,trocar percion size 12mm,128,26-08,600
QELC,Universal Endoscopic linear cutting stapler and single use loading unit,1,26-11,1
QELC 6035B,single use loading unit -60mm _3.5mm purple,1,26-10,1
SA-14,Sterile Applcator 14cm for surgy Spong,3,27-07,350
129,Patient Ground_STRAP   (ONE CABLE),1,,3000
70,trocar 12mm unimicro,1083,27-09,880
70,trocar 12mm unimicro,2000,27-09,895
ESA60-2.6,White reload 60mm,4,28-02,700
BATTERY,stapler battery,18,27-01,292
115,EEG Paste ( Cream ) Wave /250 gr,10,27-07,255
71,cannula 12mm unimicro,378,26-03,520
30010,Touren pca 300 multirate without button,10,29-05,431.81
17,Panther blue reload 60 mm,1,,1280
19,panther gold reload 60mm,9,,1400