تاريخ الجرد,الكود,الكمية,تاريخ الصلاحية,اللوط / الرقم التسلسلي,Column 6,90,20,2027-09,U24092314,IMG_4180.jpeg,تاريخ الصلاحية يظهر شهرًا وسنة فقط,Column 1,Column 2,Column 3,Column 4,Column 5,Column 6,Column 7,Column 8,Column 9,Column 10,Column 11,Column 12,Column 13,Column 14,Column 15,Column 16,Column 17,Column 18,Column 19
2026-02-28,100,182,2026-07,0823020,,,,,,,,,,,,,,,,,,,,,,,,,,
2026-02-28,101,3,2028-11-20,36052025009,,,,,,,,,,,,,,,,,,,,,,,,,,
2026-02-28,101,3,2028-06-09,36052025004,,,,,,,,,,,,,,,,,,,,,,,,,,
2026-02-28,101,1,2028-03-15,36052025003,,,,,,,,,,,,,,,,,,,,,,,,,,
2026-02-28,102,59,2026-07,0823020,,,,,,,,,,,,,,,,,,,,,,,,,,
2026-02-28,103,1,2026-09,SA1023001,,,,,,,,,,,,,,,,,,,,,,,,,,
2026-02-28,103,1,2027-07,SA0824001,,,,,,,,,,,,,,,,,,,,,,,,,,
2026-02-28,105,444,2028-01-03,SN,,,,,,,,,,,,,,,,,,,,,,,,,,
2026-02-28,105,740,2028-03-15,SN,,,,,,,,,,,,,,,,,,,,,,,,,,
2026-02-28,105,448,2028-03-22,SN,,,,,,,,,,,,,,,,,,,,,,,,,,
2026-02-28,106,270,2028-01-10,,,,,,,,,,,,,,,,,,,,,,,,,,,
2026-02-28,106,594,2028-03-18,,,,,,,,,,,,,,,,,,,,,,,,,,,
2026-02-28,107,60,2028-01-08,,,,,,,,,,,,,,,,,,,,,,,,,,,
2026-02-28,107,10,2028-03-07,,,,,,,,,,,,,,,,,,,,,,,,,,,
2026-02-28,107,594,2028-11-20,,,,,,,,,,,,,,,,,,,,,,,,,,,
2026-02-28,108,51,2028-01-07,,,,,,,,,,,,,,,,,,,,,,,,,,,
2026-02-28,114,2,2027-07,,,,,,,,,,,,,,,,,,,,,,,,,,,
2026-02-28,118,1,,,,,,,,,,,,,,,,,,,,,,,,,,,,
2026-02-28,125,3,2027,,,,,,,,,,,,,,,,,,,,,,,,,,,
2026-02-28,126,5,2027,,,,,,,,,,,,,,,,,,,,,,,,,,,
2026-02-28,94,120,2026-08-28,AET110,,,,,,,,,,,,,,,,,,,,,,,,,,
2026-02-28,QELC,1,2027-11-24,01012023004,,,,,,,,,,,,,,,,,,,,,,,,,,
2026-02-28,QELC-605B,1,2026-10-18,SN/01552022024951,,,,,,,,,,,,,,,,,,,,,,,,,,
2026-02-28,SA-14,3,2027-07,SA0824001,,,,,,,,,,,,,,,,,,,,,,,,,,
2026-02-28,129,1,,,,,,,,,,,,,,,,,,,,,,,,,,,,
2026-02-28,70,1234,2026-03-08,U23030903,,,,,,,,,,,,,,,,,,,,,,,,,,
2026-02-28,70,1800,2026-03-08,U23030907,,,,,,,,,,,,,,,,,,,,,,,,,,
2026-02-28,70,11,2026-03-08,U23030915,,,,,,,,,,,,,,,,,,,,,,,,,,
2026-02-28,70,15,2027-09-28,U24092318,,,,,,,,,,,,,,,,,,,,,,,,,,
2026-02-28,ESA60-2.6,4,2028-02-06,SN,,,,,,,,,,,,,,,,,,,,,,,,,,
2026-02-28,BATTERY,16,2027-01-18,,,,,,,,,,,,,,,,,,,,,,,,,,,
2026-02-28,115,3,2027-07,,,,,,,,,,,,,,,,,,,,,,,,,,,
2026-02-28,71,68,2026-03-08,U23030908,,,,,,,,,,,,,,,,,,,,,,,,,,
2026-02-28,71,300,2026-03-08,U23030904,,,,,,,,,,,,,,,,,,,,,,,,,,
2026-02-28,30010,10,2029-05-18,2'40519,,,,,,,,,,,,,,,,,,,,,,,,,,
2026-02-28,136,1,2032-01,1101,,,,,,,,,,,,,,,,,,,,,,,,,,
2026-02-28,137,7,2027-12-23,6565,,,,,,,,,,,,,,,,,,,,,,,,,,
2026-02-28,138,3,2027-12-24,6567,,,,,,,,,,,,,,,,,,,,,,,,,,
2026-02-28,138,10,2027-05,6219,,,,,,,,,,,,,,,,,,,,,,,,,,
2026-02-28,139,6,2027-07,,,,,,,,,,,,,,,,,,,,,,,,,,,
2026-02-28,141,9,2026-07,0823020,,,,,,,,,,,,,,,,,,,,,,,,,,
2026-02-28,142,91,2027-05-24,20240525781,,,,,,,,,,,,,,,,,,,,,,,,,,
2026-02-28,143,30,2027-05-24,20240525061,,,,,,,,,,,,,,,,,,,,,,,,,,
2026-02-28,143,1401,2027-12-11,20241212031,,,,,,,,,,,,,,,,,,,,,,,,,,
2026-02-28,39,2,2028-04-26,230625,,,,,,,,,,,,,,,,,,,,,,,,,,
2026-02-28,5,15,2028-04-26,230625,,,,,,,,,,,,,,,,,,,,,,,,,,
2026-02-28,52,35,2028-04-26,230625,,,,,,,,,,,,,,,,,,,,,,,,,,
2026-02-28,52,13,2027-05-31,220601,,,,,,,,,,,,,,,,,,,,,,,,,,
2026-02-28,52,10,2027-03-09,220310,,,,,,,,,,,,,,,,,,,,,,,,,,
2026-02-28,72,20,2026-03-08,U23030909,,,,,,,,,,,,,,,,,,,,,,,,,,
2026-02-28,72,40,2026-03-08,U23030905,,,,,,,,,,,,,,,,,,,,,,,,,,
2026-02-28,72,10,2027-09-28,U24092309,,,,,,,,,,,,,,,,,,,,,,,,,,
2026-02-28,75,4,2026-11-25,0469-E3,,,,,,,,,,,,,,,,,,,,,,,,,,
2026-02-28,75,10,2027-09-04,0505-E2,,,,,,,,,,,,,,,,,,,,,,,,,,
2026-02-28,78,10,2026-10-16,24101201,,,,,,,,,,,,,,,,,,,,,,,,,,
2026-02-28,78,10,2026-04-23,24041704,,,,,,,,,,,,,,,,,,,,,,,,,,
2026-02-28,90,150,2026-03-08,U23030906,,,,,,,,,,,,,,,,,,,,,,,,,,
2026-02-28,90,32,2026-03-08,U23030910,,,,,,,,,,,,,,,,,,,,,,,,,,
2026-02-28,90,20,2027-09,U24092314,,,,,,,,,,,,,,,,,,,,,,,,,,
2026-02-28,144,1425,2027-12-12,20241213031,,,,,,,,,,,,,,,,,,,,,,,,,,