,,,,,,
جرد 30-06-2026,,,,,,
,,,,,,
,,,,,,
,,,,,,
الصفحة,CODE,EXP,LOT/IOT,Q,ملاحظات المصدر,المراجعة
1,100,7/2026,823020,146,,
1,101,20/11/2028,36052025009,5,,
1,102,7/2026,823020,48,,
1,103,9/2026,SA1023001,1,,
1,103,7/2027,SA0824001,1,,
1,105,3/1/2028,36112025001,22,,
1,105,15/3/2028,36112025003,1365,,
1,106,10/1/2028,36132025002,224,,
1,106,18/3/2028,36132025003,611,,
1,107,20/11/2028,36122025004,617,,
1,107,8/1/2028,36122025001,3,,
1,108,7/1/2028,36142025001,179,,
1,114,7/2027,بدون,2,,
1,118,بدون,بدون,1,,
1,125,2027,بدون,3,,
1,126,2027,بدون,5,,
1,136,10/2032,1101,1,,
1,137,23/12/2027,6565,7,,
1,138,24/12/2027,6567,3,,
1,138,5/2027,6219,10,,
1,139,7/2027,بدون,6,,
1,141,7/2026,823020,3,,
1,143,11/12/2027,20241212031,726,,
1,144,12/12/2027,20241213031,83,,
1,144,13/10/2028,20251014031,0,,
1,39,26/4/2028,230625,2,,
1,5,24/6/2028,230625,15,,
1,52,9/3/2027,220310,1,,
1,52,31/5/2027,220601,13,,
1,52,24/6/2028,230625,35,,
1,6,19/6/2030,250620,15,,
1,75,4/9/2027,0505-E2,6,,
1,75,25/11/2026,0469-E3,2,,
1,78,16/10/2026,24101201,10,,
1,78,23/4/2026,24041704,5,,
1,90,28/09/2027,U24092314,192,,
2,94,28/8/2026,AET110,110,,
2,QELC,24/11/2027,1012023004,1,,
2,QELC 6035B,18/10/2026,1.55202E+12,1,,
2,SA-14,7/2027,SA0824001,3,,
2,129,بدون,بدون,1,,
2,70,28/9/2027,U24092318,2839,,
2,ESA60-2.6,18/11/2028,36102025011,7,,
2,BATTERY,18/1/2027,بدون,11,,
2,115,7/2027,بدون,3,,
2,30010,18/5/2029,240519,10,,
2,71,28/9/2027,u2409238,368,,
2,105,08/01/2027,36112025017,10,,
2,105,08/01/2027,36112025004,448,,
2,105,8/1/2027,36112024001,3,,
2,106,8/1/2027,36132025001,6,,
2,101,15/3/2028,3605202 5003,6,,